dropoff_centroid_location,counta_of_pickup_census_tract
NA,3
-87.551994147 41.7559614313,3
-87.5590602859 41.727560391,1
-87.5601889949 41.7535307093,3
-87.5628473838 41.7584079022,2
-87.5635848124 41.7646425154,1
-87.5636925942 41.7444906426,1
-87.571298655 41.7607504457,1
-87.5739519554 41.7697847237,1
-87.5813495087 41.7696904664,1
-87.5823657023 41.7971534246,1
-87.5831437169 41.7905062613,1
-87.5853031602 41.8012268363,1
-87.5874792581 41.8059116993,1
-87.5893233661 41.7696482642,1
-87.5896070309 41.7979652088,1
-87.5902857319 41.7621651218,2
-87.5904311285 41.7904478989,1
-87.5935612875 41.8132012947,1
-87.5941966274 41.7980417164,1
-87.5993944745 41.7662994252,1
-87.5994629948 41.6502216756,1
-87.600092686 41.7008887972,1
-87.6011081642 41.740997711,1
-87.6032571641 41.776910545,1
-87.6037457654 41.7978270187,2
-87.6090062203 41.7286693305,1
-87.6101685859 41.7548461015,1
-87.6103458371 41.7621423146,1
-87.6108347373 41.8346735981,3
-87.6109393487 41.7921360843,1
-87.6116848803 41.8140038222,2
-87.6125639471 41.8416911186,2
-87.6129454143 41.8919715078,6
-87.6153264942 41.7032802648,1
-87.6173580061 41.859349715,24
-87.6183216222 41.7911260852,1
-87.6188683546 41.8909220259,14
-87.6197106717 41.8950334495,24
-87.6200146997 41.7619610796,1
-87.6207628651 41.8983317935,10
-87.6209929134 41.8849871918,28
-87.6212199892 41.8038507848,1
-87.6219716519 41.8774061234,9
-87.6221729369 41.8706073724,7
-87.6221973414 41.7865020374,1
-87.6241352979 41.8492467545,7
-87.6261455896 41.9027880476,9
-87.6262105324 41.8991556134,4
-87.6262149064 41.8925077809,24
-87.6266589003 41.9075200747,1
-87.6283572537 41.7179636757,1
-87.6288741572 41.8920726347,11
-87.6291051864 41.9002212967,5
-87.6295663156 41.7275849467,1
-87.6298717446 41.7617023786,3
-87.6300448953 41.7424875717,1
-87.6305800611 41.8612808467,1
-87.6308650266 41.9058577688,11
-87.630963601 41.9094956686,2
-87.6314065252 41.8710158803,4
-87.6317173661 41.9146162864,8
-87.6318639497 41.8920421365,30
-87.6321092196 41.9002656868,3
-87.632184554 41.7544341714,1
-87.632245255 41.8018227527,1
-87.6327464887 41.8809944707,23
-87.6341560931 41.922082541,7
-87.6346478774 41.9346504482,3
-87.6350918563 41.8510178239,1
-87.6357600901 41.9074919303,4
-87.6378442095 41.8932163595,18
-87.6384040116 41.9015669095,1
-87.6385749205 41.9383912577,2
-87.6398538587 41.9347624564,1
-87.640698076 41.9431550855,1
-87.6409015248 41.9074128162,5
-87.6414597588 41.9217783562,1
-87.6414915334 41.897983898,1
-87.6422063127 41.9305785697,2
-87.6426052473 41.9268111821,3
-87.642648998 41.8792550844,14
-87.6428084655 41.8853000224,10
-87.6429586652 41.8679024175,4
-87.6430228044 41.9345397158,2
-87.6434709559 41.9432371225,4
-87.6439653703 41.949829346,7
-87.644209287 41.856309817,3
-87.6450896352 41.7836333784,1
-87.6451004847 41.7906684244,1
-87.6453787624 41.962178629,8
-87.6459662069 41.9145857091,2
-87.6460070664 41.9534000435,4
-87.6462109769 41.9218549112,3
-87.6462934762 41.9290776551,5
-87.6467297286 41.9346591566,4
-87.6467820813 41.938232293,3
-87.6470785093 41.942577185,8
-87.647113634 41.946489764,1
-87.6485823365 41.7396448282,1
-87.6486268165 41.8270879119,1
-87.6488131191 41.7478369814,1
-87.6499072264 41.9049353016,3
-87.6502900743 41.9729293173,6
-87.6510618838 41.9217781876,4
-87.6513108767 41.9290469366,9
-87.6515625922 41.9363101308,3
-87.6516929533 41.8162234797,1
-87.6517705068 41.9426918444,13
-87.6519703953 41.9492209135,5
-87.652031202 41.6958343746,2
-87.6522740174 41.9801575735,11
-87.6523653588 41.9636331692,1
-87.6524349997 41.9672886138,2
-87.6525344838 41.8926581076,10
-87.6530217894 41.9581548757,10
-87.6532439924 41.9528229157,4
-87.6536139825 41.8983058696,4
-87.6537566193 41.8634226841,1
-87.6537935286 41.9854724225,1
-87.6540070286 41.9147473049,2
-87.6540926517 41.8716894745,2
-87.6542980837 41.9462945357,15
-87.6545378676 41.980606166,3
-87.6558149022 41.9955129914,3
-87.6561568309 41.9289672664,3
-87.6564115308 41.9362371791,5
-87.6566440918 41.9425851797,9
-87.6568039088 41.9491397709,6
-87.657005027 41.8790669938,5
-87.6572085174 41.7904943458,1
-87.6572331997 41.8852813201,20
-87.6572348282 41.9887040216,1
-87.6573042698 41.9912345323,1
-87.6573411073 41.9727095466,9
-87.6574177422 41.9934409461,5
-87.6574987907 41.9971539428,2
-87.6578712629 41.9788750584,6
-87.6578992921 41.7268354017,1
-87.657966347 41.9827455952,1
-87.6583976702 41.9854764991,1
-87.659122427 42.004764559,12
-87.6595642391 41.8563332167,2
-87.6603894557 41.958055933,16
-87.6605035019 41.952719111,3
-87.6608925701 41.9289459041,3
-87.6612652184 41.936159071,2
-87.6614433685 41.9416281,1
-87.6616429039 41.9490605256,1
-87.6618611238 41.8741766252,2
-87.6631267998 42.0003203059,11
-87.6631958495 41.9654457842,14
-87.6633278588 42.0045174875,15
-87.6635286858 41.8474315472,6
-87.6637988716 41.8268319106,1
-87.6638654956 41.9726679555,10
-87.6639582144 42.0094125471,52
-87.6640782395 41.9218774613,4
-87.6641882421 41.9799124453,7
-87.6647458359 41.8924931672,1
-87.6649377243 41.9872255578,17
-87.6649539167 41.8997373884,3
-87.6652247765 41.9944422482,17
-87.6661106945 41.9360865352,9
-87.6662888874 41.941555829,1
-87.6665362779 42.0159343756,51
-87.6665362813 41.9506733576,2
-87.6666114405 41.957530922,1
-87.6676836101 42.0062788614,33
-87.6687944391 41.9451704528,5
-87.6696239301 41.8924331563,1
-87.6698247721 42.0212235931,40
-87.6698377982 41.8996701799,1
-87.6706210432 41.9670117607,1
-87.6709450752 41.9083786693,1
-87.6709663837 41.9359889065,1
-87.671107656 41.9414882338,2
-87.6711095263 41.9724370811,5
-87.671332488 41.9506052324,2
-87.6714455473 41.9797955506,13
-87.671445766 41.9192250505,1
-87.671518011 41.9579038971,1
-87.6716536214 41.8786674201,8
-87.6720809941 41.9869530579,3
-87.672538401 41.9943810196,13
-87.6727239593 42.0090182269,82
-87.672920435 41.8631181033,3
-87.6729255394 41.8268330147,1
-87.6733337784 42.0160464924,99
-87.6735740325 42.0016981937,33
-87.6738072384 41.9292725315,3
-87.6747191345 41.8995897957,1
-87.6750627566 41.9123643542,2
-87.6750856208 41.8704150003,5
-87.6750951155 41.9160052737,1
-87.6753116216 41.906025969,11
-87.6758219283 41.935983574,1
-87.6759539319 41.9414224785,1
-87.6760627395 41.9450692053,1
-87.6761824959 41.9505456965,1
-87.676373281 41.9578433752,1
-87.6765780714 41.9651417087,3
-87.67861897 42.0091500631,7
-87.6786882109 41.9942660943,11
-87.6788459662 41.9725625375,4
-87.6793974791 41.8922767078,1
-87.6796002867 41.8995065476,2
-87.680162272 42.0160105638,83
-87.6806541164 41.8773834707,3
-87.6809803011 41.9357494591,1
-87.6810252307 41.9067713317,1
-87.681993542 41.9833308063,5
-87.6829962096 41.8441449609,1
-87.6836429218 41.9119723006,4
-87.683718102 41.957735565,4
-87.6838259399 41.9159097884,4
-87.6838545561 41.9631849658,1
-87.6840183712 41.9668340674,2
-87.6841474493 41.8847677845,4
-87.684198195 42.0013132491,31
-87.684490122 41.8994222543,2
-87.6846859492 41.9067077917,3
-87.6850821101 41.9212731053,1
-87.685362024 41.9286190509,2
-87.6859131333 42.0084870082,17
-87.6860768812 41.9942252345,20
-87.6860998978 41.972035672,1
-87.686845262 41.8174924901,1
-87.6871159899 42.0157199072,19
-87.6886749004 41.8713514005,1
-87.6891259086 41.8919483818,1
-87.6895798343 41.9066385418,1
-87.6897112748 41.91213208,4
-87.689951469 41.9216471318,3
-87.6907750098 41.9448137543,12
-87.6922563262 41.9157411934,2
-87.6936374936 42.0013159243,26
-87.6940010612 41.9725808001,4
-87.6940960217 41.9798553089,20
-87.6941973701 41.9005603836,2
-87.6944151909 41.9868086263,5
-87.6945323419 41.9208017043,4
-87.6945342821 41.9079652463,2
-87.6946307194 41.994059824,19
-87.6949637498 42.0085407611,13
-87.6950866748 41.9284649843,1
-87.6986740167 41.8783232529,1
-87.6988915914 41.885621155,1
-87.6993744036 41.8974257653,2
-87.6996630419 42.0156967498,39
-87.6997544065 41.9211259143,14
-87.6999685912 41.9284315635,2
-87.7006919027 41.8607622624,1
-87.7008239559 41.867823493,1
-87.701330291 41.9428725376,2
-87.701802904 42.0008748252,6
-87.701941074 41.9768117505,5
-87.7020071282 41.9504044107,1
-87.7020985409 41.9595267906,2
-87.702699356 41.8481796587,2
-87.7027334697 41.9645069548,1
-87.7036682732 41.9868950432,1
-87.7038545435 41.9357064711,3
-87.7046056338 42.0074469243,3
-87.7048934862 41.9941436461,9
-87.7049072355 41.9283913974,8
-87.7055526328 41.87161966,1
-87.7078663416 41.8615808621,3
-87.7088084239 41.8986992296,2
-87.7103591445 41.9210196071,1
-87.7108482084 41.9667749433,2
-87.7118213953 41.7382280867,1
-87.7119742544 41.9293297134,3
-87.7120363411 41.7455375706,2
-87.7122519178 41.8407574164,1
-87.7123574755 41.9336759885,2
-87.7128142315 41.9502120955,2
-87.7129731725 41.9592101847,1
-87.7132293348 41.9631157548,2
-87.7133688039 41.9865581808,2
-87.7134353285 41.9702449819,5
-87.7143824837 41.8533354466,1
-87.7164304157 41.9782942489,7
-87.717503858 41.942859303,1
-87.7177791062 41.8762234405,2
-87.7186707951 41.8917542026,4
-87.7189271854 41.8162644525,3
-87.7200993558 41.9155404081,1
-87.7201851765 41.8625777773,1
-87.7210167687 41.964652354,2
-87.7215382944 41.9063227109,1
-87.7215645012 41.9261558167,1
-87.7220523299 41.9337850524,1
-87.7223302976 41.9374017942,3
-87.7228222513 41.9573606908,1
-87.7231689742 41.969205937,1
-87.723804133 41.8301172027,2
-87.7239678299 41.9900642527,9
-87.724267094 41.9297590466,2
-87.7258910154 41.9646477329,1
-87.7310024842 41.9426995777,2
-87.7318327391 41.9653625868,2
-87.7322454045 41.8551039667,1
-87.7322869198 41.9152908359,1
-87.7324696377 41.8624142737,1
-87.7335180512 41.8952576428,1
-87.7338570193 41.9061678698,1
-87.7360839271 41.9808436155,1
-87.7377094687 41.8765230613,1
-87.7383939059 41.9587978628,3
-87.7389372047 41.97153938,2
-87.7400551895 41.991119555,4
-87.7427878769 41.9646361993,1
-87.7443896126 41.935214804,3
-87.7445755674 41.8767621307,1
-87.7447575193 41.8987004986,1
-87.7452828446 41.7966403342,1
-87.7471543225 41.9424881553,5
-87.747784377 41.8112835255,1
-87.7478743394 41.8841446699,5
-87.7509342894 41.785998518,17
-87.7509798603 41.9195645564,1
-87.7513626916 41.927819073,5
-87.7514743323 41.9061861044,1
-87.7520115624 41.8986254245,1
-87.7521052352 41.8766962871,4
-87.7524091367 41.9606756968,6
-87.7575974858 41.9944980381,2
-87.7598126285 41.8765928828,4
-87.759857019 41.970288894,4
-87.7600980476 41.8837934871,1
-87.7606043246 41.8985493636,1
-87.7607889112 41.920126404,1
-87.7617177214 41.9422905548,2
-87.7619249793 41.9770023043,2
-87.7622859818 41.9605182177,4
-87.7689702414 41.985916382,2
-87.7695533321 41.8754975076,1
-87.7698815509 41.88366198,10
-87.770122842 41.8909693802,1
-87.7705377644 41.9202651208,1
-87.7712319246 41.9348600057,2
-87.7714955258 41.9421694153,1
-87.7720438223 41.9567980899,1
-87.7722649905 41.9645680449,1
-87.7726169108 41.9729552005,4
-87.7734709274 41.9800778511,1
-87.7753675003 41.9129253704,1
-87.780270163 41.9201527839,3
-87.7815190801 41.9493532323,2
-87.7818419914 41.9567787036,1
-87.7819640228 41.964474648,2
-87.7880088189 41.9275798469,2
-87.7942692959 41.9956031347,1
-87.7948169935 41.9558592583,1
-87.7965237763 41.9418076152,1
-87.7968155178 41.9146023652,2
-87.7976006842 41.9255880881,3
-87.8127108296 41.9489087714,2
-87.8197891138 41.978068292,1
-87.8266761823 41.9805068217,1
-87.8415864319 41.9822729289,5
-87.8773053996 41.9827750091,16
-87.9030396611 41.9790708201,157
Grand Total,2149
