lon,lat,n
-87.5466953298,41.7493156702,5
-87.5470098641,41.7413866268,1
-87.548564529,41.7319988447,2
-87.5499633239,41.7131775612,1
-87.551994147,41.7559614313,8
-87.5590602859,41.727560391,1
-87.5601889949,41.7535307093,4
-87.5628473838,41.7584079022,1
-87.5635848124,41.7646425154,3
-87.5636925942,41.7444906426,1
-87.5658238794,41.7686011013,5
-87.5713420299,41.7643597021,4
-87.5726073052,41.7468832529,1
-87.5739519554,41.7697847237,4
-87.5748881668,41.7157609069,2
-87.5790888158,41.7419428604,1
-87.5799482481,41.7761636931,19
-87.5811855611,41.7606410373,1
-87.5812710169,41.7642434593,6
-87.5813495087,41.7696904664,24
-87.5823657023,41.7971534246,92
-87.582630304,41.7830341779,2
-87.5831437169,41.7905062613,308
-87.5836072899,41.7555681774,11
-87.5853031602,41.8012268363,105
-87.5874792581,41.8059116993,122
-87.5893233661,41.7696482642,5
-87.5896070309,41.7979652088,459
-87.5902857319,41.7621651218,3
-87.5904311285,41.7904478989,127
-87.5917077725,41.7458424102,2
-87.5935368954,41.7834599172,177
-87.5935612875,41.8132012947,1
-87.5940154442,41.7905666284,340
-87.5941966274,41.7980417164,166
-87.5942656985,41.8016710371,14
-87.5943479846,41.8060217045,129
-87.5949330919,41.7146749464,1
-87.5963032107,41.7769506664,30
-87.5964755956,41.7281820611,1
-87.5986973707,41.7832245177,250
-87.5989445134,41.7979711911,117
-87.5991989847,41.8059784054,49
-87.5993944745,41.7662994252,2
-87.599476602,41.8130413823,4
-87.600092686,41.7008887972,2
-87.6002973118,41.7550627172,3
-87.6006915709,41.8204569069,2
-87.6011081642,41.740997711,2
-87.6012851221,41.7904693995,1580
-87.6013151779,41.748623179,1
-87.6017598207,41.8015328005,18
-87.6032571641,41.776910545,3
-87.6035588871,41.783170859,73
-87.6037457654,41.7978270187,116
-87.6040586249,41.8059249688,11
-87.6042092221,41.813200941,8
-87.6053716267,41.6893165995,2
-87.6084265019,41.7831007248,8
-87.6089492784,41.8067652712,11
-87.6100749663,41.7482105124,2
-87.6101001049,41.8201978877,11
-87.6103458371,41.7621423146,2
-87.6106933,41.7766915396,2
-87.6108347373,41.8346735981,25
-87.6109393487,41.7921360843,9
-87.6116848803,41.8140038222,5
-87.6125639471,41.8416911186,9
-87.6129454143,41.8919715078,1484
-87.6132286335,41.7179672564,6
-87.6132781783,41.7830141971,5
-87.6139168534,41.8039458974,2
-87.6139994504,41.808511513,3
-87.6141870291,41.8277887624,1
-87.6149864759,41.8205743953,2
-87.6152853223,41.7107155901,6
-87.6153264942,41.7032802648,1
-87.6162675703,41.6960577638,1
-87.6173580061,41.859349715,1229
-87.6175761725,41.8002600946,13
-87.6183216222,41.7911260852,1
-87.6187195937,41.8130462951,8
-87.6188683546,41.8909220259,4009
-87.6191404307,41.7326763501,1
-87.619143357,41.7253860857,1
-87.6192497579,41.8274416865,9
-87.6192895188,41.8340973906,3
-87.6195429239,41.7437209115,1
-87.6197106717,41.8950334495,3407
-87.6198449905,41.7546793318,1
-87.6205583422,41.7828634535,3
-87.6207628651,41.8983317935,2374
-87.6209929134,41.8849871918,5680
-87.6212199892,41.8038507848,9
-87.6214361442,41.8076176173,2
-87.621499206,41.8201666062,34
-87.6219716519,41.8774061234,1951
-87.6220364612,41.8420111804,12
-87.6221729369,41.8706073724,1124
-87.6231795767,41.7910416602,5
-87.6232200288,41.7769437808,1
-87.6237680464,41.8138063365,1
-87.624088952,41.8274002516,3
-87.6241352979,41.8492467545,347
-87.6251541272,41.8349623252,64
-87.6261455896,41.9027880476,851
-87.6262105324,41.8991556134,2705
-87.6262149064,41.8925077809,4188
-87.6266589003,41.9075200747,581
-87.6283572537,41.7179636757,1
-87.6283665103,41.8419280262,2
-87.6288741572,41.8920726347,1621
-87.6289833139,41.7686672562,1
-87.6291051864,41.9002212967,951
-87.6295663156,41.7275849467,9
-87.6298717446,41.7617023786,2
-87.6300448953,41.7424875717,4
-87.6305800611,41.8612808467,64
-87.6308650266,41.9058577688,596
-87.630963601,41.9094956686,163
-87.6314065252,41.8710158803,624
-87.6317173661,41.9146162864,923
-87.6318639497,41.8920421365,5896
-87.6320285927,41.8418752811,3
-87.6321092196,41.9002656868,614
-87.632184554,41.7544341714,1
-87.632245255,41.8018227527,15
-87.6325587694,41.8274372319,1
-87.6325885208,41.8163079956,1
-87.6327464887,41.8809944707,4272
-87.6329596351,41.834480698,23
-87.6341560931,41.922082541,615
-87.6343417807,41.7872788781,1
-87.6346478774,41.9346504482,26
-87.6350918563,41.8510178239,846
-87.6357600901,41.9074919303,1289
-87.635791217,41.8428074428,1
-87.6358909539,41.9292629902,395
-87.6373040854,41.6637597312,4
-87.6374396682,41.6887759153,1
-87.6376353868,41.7764307773,6
-87.6377304261,41.6997593569,5
-87.6378442095,41.8932163595,6284
-87.6381750671,41.7142521521,2
-87.638333371,41.8311571825,2
-87.6384040116,41.9015669095,200
-87.6384969156,41.7691898164,1
-87.6385749205,41.9383912577,476
-87.6387390279,41.7324415173,1
-87.6389644795,41.7397696793,12
-87.6392016498,41.8418595653,8
-87.6398538587,41.9347624564,417
-87.640698076,41.9431550855,408
-87.6409015248,41.9074128162,124
-87.6410707462,41.9128689225,34
-87.6411836567,41.9164733164,25
-87.6414597588,41.9217783562,250
-87.6414915334,41.897983898,32
-87.6422063127,41.9305785697,335
-87.6426052473,41.9268111821,142
-87.642648998,41.8792550844,1678
-87.6428084655,41.8853000224,1166
-87.6429586652,41.8679024175,583
-87.6430228044,41.9345397158,165
-87.6431623703,41.8350679168,9
-87.6434709559,41.9432371225,442
-87.6439324936,41.8417186095,14
-87.6439653703,41.949829346,877
-87.644209287,41.856309817,266
-87.6450896352,41.7836333784,1
-87.6451004847,41.7906684244,1
-87.6453787624,41.962178629,366
-87.6459662069,41.9145857091,179
-87.6460070664,41.9534000435,488
-87.6462109769,41.9218549112,2133
-87.6462934762,41.9290776551,635
-87.6467297286,41.9346591566,334
-87.6467820813,41.938232293,403
-87.6470785093,41.942577185,578
-87.647113634,41.946489764,154
-87.6486268165,41.8270879119,12
-87.6488131191,41.7478369814,2
-87.6489783241,41.8561441046,66
-87.6490722438,41.8446607763,7
-87.6492088283,41.7616128655,1
-87.6499072264,41.9049353016,590
-87.6502900743,41.9729293173,513
-87.6510618838,41.9217781876,928
-87.6513108767,41.9290469366,1066
-87.6514091317,41.7551743829,4
-87.6515625922,41.9363101308,705
-87.6516929533,41.8162234797,4
-87.6517530558,41.6813147793,1
-87.6517705068,41.9426918444,1113
-87.6519703953,41.9492209135,291
-87.6520492549,41.6886316646,1
-87.6522612961,41.8565067379,12
-87.6522740174,41.9801575735,259
-87.6523525183,41.7905644153,1
-87.6523653588,41.9636331692,447
-87.6524349997,41.9672886138,100
-87.6525180192,41.7178174158,1
-87.6525344838,41.8926581076,294
-87.6530217894,41.9581548757,654
-87.6531587001,41.8365103216,9
-87.6532196007,41.7341687376,1
-87.6532439924,41.9528229157,349
-87.6535834197,41.8329371807,41
-87.6536139825,41.8983058696,369
-87.6537566193,41.8634226841,18
-87.6537935286,41.9854724225,240
-87.6540070286,41.9147473049,453
-87.6540926517,41.8716894745,98
-87.6542980837,41.9462945357,1278
-87.6545378676,41.980606166,124
-87.6547394924,41.8552500875,18
-87.6555162889,41.8423039419,3
-87.6558149022,41.9955129914,300
-87.6559118484,41.9217014922,251
-87.6559368296,41.7477324924,2
-87.6561568309,41.9289672664,224
-87.6564115308,41.9362371791,278
-87.6566440918,41.9425851797,394
-87.6568039088,41.9491397709,855
-87.657005027,41.8790669938,450
-87.6572331997,41.8852813201,2458
-87.6572348282,41.9887040216,366
-87.6573042698,41.9912345323,694
-87.6573411073,41.9727095466,1198
-87.6574177422,41.9934409461,636
-87.6574987907,41.9971539428,412
-87.6578712629,41.9788750584,263
-87.6578992921,41.7268354017,11
-87.657966347,41.9827455952,228
-87.6583003944,41.7395020022,1
-87.6583976702,41.9854764991,228
-87.659122427,42.004764559,3115
-87.6592046708,41.8695838595,18
-87.6595642391,41.8563332167,232
-87.6598643178,41.8925368719,34
-87.6603894557,41.958055933,1097
-87.6605035019,41.952719111,71
-87.6606178329,41.8409308062,5
-87.6608925701,41.9289459041,109
-87.6609430664,41.7476603008,2
-87.6612652184,41.936159071,178
-87.6614433685,41.9416281,76
-87.6615450961,41.9452823311,122
-87.6616429039,41.9490605256,186
-87.6618611238,41.8741766252,34
-87.6631267998,42.0003203059,1326
-87.6631958495,41.9654457842,495
-87.6633278588,42.0045174875,1486
-87.6635286858,41.8474315472,163
-87.6637988716,41.8268319106,4
-87.6638654956,41.9726679555,1149
-87.6639582144,42.0094125471,2408
-87.6640472412,41.8692744531,238
-87.6640782395,41.9218774613,270
-87.6641882421,41.9799124453,1252
-87.6647458359,41.8924931672,57
-87.6649068859,41.8559898728,10
-87.6649377243,41.9872255578,1610
-87.6649539167,41.8997373884,132
-87.6652247765,41.9944422482,1318
-87.6653376596,41.9066507664,94
-87.665676837,41.9287630064,126
-87.6660835308,41.7131033946,2
-87.6661106945,41.9360865352,161
-87.6662888874,41.941555829,76
-87.6665362779,42.0159343756,2442
-87.6665362813,41.9506733576,270
-87.6666114405,41.957530922,79
-87.6674491231,41.8103987508,2
-87.6675715595,41.83380026,16
-87.6676836101,42.0062788614,2867
-87.668574537,41.8559343655,25
-87.6687944391,41.9451704528,113
-87.6696239301,41.8924331563,49
-87.6698247721,42.0212235931,2409
-87.6698353627,41.7405850222,27
-87.6698377982,41.8996701799,121
-87.6701845504,41.9633743823,134
-87.6701891476,41.9124318691,63
-87.6706210432,41.9670117607,64
-87.6707697365,41.7475342629,1
-87.6709450752,41.9083786693,442
-87.6709663837,41.9359889065,60
-87.6709898632,41.7539859024,1
-87.6710019948,41.7612780797,1
-87.671107656,41.9414882338,142
-87.6711095263,41.9724370811,693
-87.6712503529,41.6846149678,1
-87.671332488,41.9506052324,118
-87.6714064978,41.695652247,2
-87.6714455473,41.9797955506,492
-87.671445766,41.9192250505,228
-87.671518011,41.9579038971,127
-87.6715775901,41.7830058493,2
-87.6716536214,41.8786674201,534
-87.6717699997,41.7902999568,1
-87.671873941,41.8860057857,44
-87.6720809941,41.9869530579,220
-87.672538401,41.9943810196,261
-87.6727239593,42.0090182269,1868
-87.672920435,41.8631181033,73
-87.6729255394,41.8268330147,1
-87.6733337784,42.0160464924,3306
-87.6735740325,42.0016981937,1198
-87.6738072384,41.9292725315,72
-87.674506788,41.8923550478,35
-87.6746905879,41.8558061709,85
-87.6747137902,41.7276040948,1
-87.6747191345,41.8995897957,112
-87.6750627566,41.9123643542,87
-87.6750856208,41.8704150003,121
-87.6750951155,41.9160052737,127
-87.6751020589,41.8161780153,5
-87.6753116216,41.906025969,560
-87.6758219283,41.935983574,37
-87.6759539319,41.9414224785,23
-87.6760627395,41.9450692053,18
-87.6761824959,41.9505456965,96
-87.676373281,41.9578433752,177
-87.6765780714,41.9651417087,256
-87.6769677545,41.8048535215,1
-87.6772070213,41.702776687,1
-87.67861897,42.0091500631,231
-87.6786882109,41.9942660943,104
-87.6788459662,41.9725625375,368
-87.6793974791,41.8922767078,16
-87.6796002867,41.8995065476,72
-87.6799067059,41.8266634583,3
-87.6799547678,41.9204515116,103
-87.680162272,42.0160105638,2287
-87.6806541164,41.8773834707,46
-87.6808269032,41.9413656601,45
-87.6809282247,41.9450101512,33
-87.6809803011,41.9357494591,40
-87.6810252307,41.9067713317,48
-87.6813558293,41.8335178865,2
-87.681993542,41.9833308063,221
-87.6829962096,41.8441449609,11
-87.683227168,41.8555013528,8
-87.6835062305,41.9504425991,133
-87.6836429218,41.9119723006,156
-87.683718102,41.957735565,251
-87.6838259399,41.9159097884,66
-87.6838545561,41.9631849658,122
-87.6840183712,41.9668340674,207
-87.6841474493,41.8847677845,71
-87.684198195,42.0013132491,563
-87.6842894005,41.8921964292,15
-87.684490122,41.8994222543,60
-87.6846859492,41.9067077917,37
-87.6849139261,41.8702687225,7
-87.6850821101,41.9212731053,58
-87.6851318314,41.8786440899,6
-87.685362024,41.9286190509,212
-87.6855896618,41.7611057444,1
-87.6856158172,41.9413116172,15
-87.6857782135,41.9449467539,11
-87.6859131333,42.0084870082,201
-87.6860768812,41.9942252345,143
-87.6860998978,41.972035672,68
-87.6862228603,41.7828367169,3
-87.6863834792,41.7901713682,1
-87.686845262,41.8174924901,26
-87.6871159899,42.0157199072,633
-87.6886749004,41.8713514005,10
-87.6891259086,41.8919483818,17
-87.6893191901,41.8994457693,33
-87.6895798343,41.9066385418,34
-87.6897112748,41.91213208,10
-87.689951469,41.9216471318,148
-87.6903405275,41.7462155842,1
-87.6907541768,41.8281199775,9
-87.6907750098,41.9448137543,154
-87.6914304807,41.8484115955,1
-87.6915302475,41.9576519161,58
-87.6920317308,41.817397869,2
-87.6922563262,41.9157411934,75
-87.6922587601,41.9631533106,18
-87.6925159284,41.8637871234,9
-87.6932651023,41.7736412828,1
-87.693325868,41.9354389148,85
-87.693341249,41.7772872248,1
-87.6935387966,41.853834685,11
-87.6936374936,42.0013159243,211
-87.6937939017,41.8759663,4
-87.6940010612,41.9725808001,298
-87.6940200973,41.9668063463,123
-87.6940960217,41.9798553089,168
-87.6941973701,41.9005603836,67
-87.6944151909,41.9868086263,186
-87.6945323419,41.9208017043,136
-87.6945342821,41.9079652463,6
-87.6945983,41.9120843819,7
-87.6946307194,41.994059824,431
-87.6949637498,42.0085407611,356
-87.6950866748,41.9284649843,18
-87.6967563395,41.8382957974,5
-87.6975319159,41.8462576853,9
-87.6983923087,41.7835960152,27
-87.6985727117,41.7899657482,3
-87.6986740167,41.8783232529,3
-87.698781345,41.7972547246,2
-87.6988915914,41.885621155,16
-87.6989469155,41.9357360896,14
-87.6990971733,41.8081895757,5
-87.699310391,41.8145620008,1
-87.6993744036,41.8974257653,4
-87.6994797204,41.9120734929,9
-87.6995967918,41.9157074085,13
-87.6996630419,42.0156967498,1477
-87.6997544065,41.9211259143,180
-87.6999685912,41.9284315635,147
-87.7006919027,41.8607622624,5
-87.7008239559,41.867823493,1
-87.7012131039,41.9557717866,27
-87.701330291,41.9428725376,111
-87.701802904,42.0008748252,120
-87.7018845586,41.9047120004,8
-87.701941074,41.9768117505,35
-87.7020071282,41.9504044107,150
-87.7020985409,41.9595267906,23
-87.7021052472,41.8916970451,6
-87.702699356,41.8481796587,4
-87.7027334697,41.9645069548,106
-87.7035622954,41.8773599627,1
-87.7036682732,41.9868950432,43
-87.7038545435,41.9357064711,54
-87.7043657112,41.9119719687,9
-87.7044795753,41.9156132381,2
-87.7046056338,42.0074469243,69
-87.704648384,41.9210845826,31
-87.7048934862,41.9941436461,943
-87.7049072355,41.9283913974,160
-87.7055526328,41.87161966,1
-87.7057767012,41.9711428078,41
-87.7061361123,41.8818833615,3
-87.7078663416,41.8615808621,2
-87.7084167286,41.7897875353,2
-87.7084530037,41.8773046203,1
-87.7086378647,41.7987971043,1
-87.7088084239,41.8986992296,11
-87.7091932868,41.8152739592,1
-87.7099873375,41.9374939696,29
-87.7100873222,41.9118565923,9
-87.7101956338,41.915496209,19
-87.7103539349,41.9066839592,9
-87.7103591445,41.9210196071,39
-87.7108482084,41.9667749433,49
-87.7118213953,41.7382280867,1
-87.7119742544,41.9293297134,224
-87.7123276017,41.9255672296,42
-87.7123574755,41.9336759885,46
-87.71245035,41.8480722286,2
-87.7128142315,41.9502120955,57
-87.7128745809,41.8626614463,2
-87.7129731725,41.9592101847,14
-87.7130900568,41.9555841154,44
-87.7132293348,41.9631157548,53
-87.7133688039,41.9865581808,66
-87.7134353285,41.9702449819,86
-87.7138533806,41.8850752975,6
-87.7142147077,41.8681324282,3
-87.7152528177,41.9209608656,43
-87.715732633,41.8566586145,2
-87.7164304157,41.9782942489,253
-87.717503858,41.942859303,155
-87.7177791062,41.8762234405,3
-87.7182200222,41.7896614748,1
-87.7186707951,41.8917542026,6
-87.7191065101,41.8049842842,1
-87.7195241482,41.8388061944,1
-87.719625507,41.8424806367,4
-87.7201851765,41.8625777773,3
-87.7210167687,41.964652354,42
-87.7212485554,41.919181737,6
-87.7213158985,41.8990616211,6
-87.7215097031,41.9117888585,1
-87.7215382944,41.9063227109,9
-87.7215645012,41.9261558167,18
-87.7218357934,41.9227117587,19
-87.7219444889,41.8474342025,2
-87.7220523299,41.9337850524,28
-87.7223302976,41.9374017942,41
-87.7224042748,41.855238198,1
-87.722610871,41.9500776349,5
-87.7228130756,41.8710123117,1
-87.7228222513,41.9573606908,54
-87.7230765587,41.8771009333,1
-87.7231689742,41.969205937,7
-87.7237819658,41.9725977673,19
-87.723804133,41.8301172027,2
-87.7239678299,41.9900642527,111
-87.724267094,41.9297590466,18
-87.7258910154,41.9646477329,5
-87.7268701739,41.7513371286,2
-87.7282271686,41.8843342115,2
-87.7289580948,41.8712250372,4
-87.7296791339,41.9196352314,4
-87.7299764859,41.7749312653,2
-87.7301873353,41.7822169695,3
-87.7303017582,41.9357450582,5
-87.7306842554,41.9499744545,26
-87.7308284896,41.804147373,3
-87.7308987849,41.9572641084,27
-87.7310024842,41.9426995777,27
-87.7317118534,41.7456228824,1
-87.7318327391,41.9653625868,31
-87.7320590255,41.7622466529,3
-87.7322869198,41.9152908359,5
-87.7324696377,41.8624142737,3
-87.7328887938,41.8770442134,2
-87.7335180512,41.8952576428,19
-87.7338570193,41.9061678698,7
-87.7339509975,41.9116665881,2
-87.7341424687,41.9234789451,1
-87.7350927012,41.8417062238,1
-87.7356259487,41.9278531896,8
-87.7360839271,41.9808436155,3
-87.7375361538,41.919825504,1
-87.7376199977,41.9350581526,5
-87.7381418906,41.9498764323,14
-87.7383939059,41.9587978628,34
-87.7385692263,41.9425542279,6
-87.7389372047,41.97153938,44
-87.7400551895,41.991119555,34
-87.7427878769,41.9646361993,12
-87.7438056558,41.9192261876,1
-87.7441073767,41.9279207294,1
-87.7441731843,41.9076884994,2
-87.7443896126,41.935214804,8
-87.7444291755,41.8914022426,1
-87.7445755674,41.8767621307,4
-87.7452432048,41.9526648947,21
-87.7452828446,41.7966403342,5
-87.7471543225,41.9424881553,20
-87.7478743394,41.8841446699,33
-87.7509342894,41.785998518,2960
-87.7509798603,41.9195645564,4
-87.7513626916,41.927819073,16
-87.7516489576,41.9351139349,14
-87.7520115624,41.8986254245,2
-87.7521184147,41.9497090767,7
-87.7522233681,41.9773225823,3
-87.7524091367,41.9606756968,55
-87.754352834,41.9423832777,5
-87.7560677045,41.86911914,4
-87.7575198647,41.7964631061,1
-87.7575974858,41.9944980381,67
-87.7598126285,41.8765928828,1
-87.759857019,41.970288894,161
-87.7600980476,41.8837934871,3
-87.7603493864,41.8910854233,2
-87.7606043246,41.8985493636,2
-87.7607889112,41.920126404,3
-87.7608129894,41.905820977,7
-87.7608843709,41.9128367835,2
-87.7610398751,41.9261631049,6
-87.7614215937,41.9297962382,1
-87.761463375,41.9349868535,7
-87.7617177214,41.9422905548,20
-87.7619249793,41.9770023043,39
-87.761958275,41.9495916894,14
-87.7622859818,41.9605182177,26
-87.7689702414,41.985916382,229
-87.7698815509,41.88366198,4
-87.770122842,41.8909693802,7
-87.770385079,41.898425258,1
-87.7705377644,41.9202651208,1
-87.7706325599,41.9056934239,1
-87.7707373282,41.9275608953,2
-87.7712319246,41.9348600057,12
-87.771428091,41.776036096,1
-87.7714955258,41.9421694153,65
-87.771758223,41.9494732189,1
-87.7720438223,41.9567980899,8
-87.7722649905,41.9645680449,9
-87.7726169108,41.9729552005,6
-87.7734709274,41.9800778511,6
-87.7749947889,42.0020154637,12
-87.7753675003,41.9129253704,7
-87.780270163,41.9201527839,2
-87.7809529189,41.9347280725,11
-87.7815190801,41.9493532323,6
-87.7818419914,41.9567787036,21
-87.7819640228,41.964474648,3
-87.7830132797,41.9895838002,16
-87.7832380336,41.9752809258,9
-87.7880088189,41.9275798469,14
-87.7915883505,41.7957602563,1
-87.7942692959,41.9956031347,22
-87.7965237763,41.9418076152,7
-87.7968155178,41.9146023652,8
-87.7968280466,41.949125166,3
-87.7973989844,41.9792045509,5
-87.7976006842,41.9255880881,19
-87.7976348995,41.9721321191,2
-87.7986359527,41.9344868721,12
-87.8044048124,41.9887026463,8
-87.8123716627,41.9415765388,1
-87.8130981301,42.0056080233,23
-87.8135878649,42.0152547387,3
-87.8163323526,41.999110415,1
-87.8180418313,41.9889673837,5
-87.8197891138,41.978068292,21
-87.8221709921,41.9414908524,1
-87.8266761823,41.9805068217,22
-87.8415864319,41.9822729289,210
-87.8443594944,41.9753378261,2
-87.8773053996,41.9827750091,560
-87.9030396611,41.9790708201,31154
NA,NA,55
